user_id,ground_truth,prediction,reason
36,1,"[10, 9, 1, 375, 623, 77, 22, 614, 620, 628]","The user has a strong pattern of visiting places 10 and 9 frequently, especially on Fridays, as seen in both history and context. The recent context shows a visit to place 10, reinforcing its likelihood. Place 1 is also a common location, visited multiple times. Place 375 appears in the context, suggesting a potential new interest. Places 623, 77, 22, 614, 620, and 628 have been visited in the past, making them plausible options as well."
36,9,"[10, 1, 9, 623, 375, 22, 614, 620, 628, 77]","The user has a strong pattern of visiting place 10 frequently, especially on Fridays and weekends, as seen in both history and context. Place 1 is also visited regularly, particularly on Fridays. Place 9 is a consistent choice during early mornings and late nights. The recent context shows a visit to place 623, indicating a potential preference for it. Place 375 appears in the context, suggesting it may be a new interest. Other places like 22, 614, 620, 628, and 77 have been visited but less frequently, making them less likely but still possible options."
36,1,"[10, 1, 9, 375, 623, 77, 614, 620, 628, 22]","The user has a strong pattern of visiting place_id 10 frequently on Fridays and Saturdays, as seen in both history and context. Place_id 1 is also visited regularly, particularly on Fridays. Recent context shows a visit to place_id 375, which may indicate a new interest. Place_id 9 and 623 are also notable due to their consistent presence in the user's history. The user has shown a tendency to visit places like 620 and 628 on weekdays, while 22 appears less frequently but is still relevant."
36,614,"[10, 1, 9, 623, 375, 22, 614, 620, 628, 77]","The user has a strong pattern of visiting place_id 10 frequently on weekends and during the afternoon on weekdays. Recent context shows a visit to place_id 10 on Friday, indicating continued interest. Place_id 1 is visited often in the mornings and has recent context visits, while place_id 9 is a consistent choice during late night and early morning. Place_id 623 has been visited recently, suggesting it remains relevant. Other places like 375, 22, 614, 620, and 628 have also been part of the user's history, making them likely candidates for the next visit."
36,1,"[10, 1, 9, 623, 614, 22, 77, 628, 620, 9]","The user has a strong pattern of visiting place_id 10, especially on weekends and Mondays, as seen in both history and context. Place_id 1 is frequently visited in the mornings, while place_id 9 is a consistent choice during late-night hours. Recent context shows visits to place_id 623 and 614, indicating they are also likely candidates. Place_id 22 and 77 have been visited recently, suggesting they may be relevant as well. Overall, the predictions are based on the frequency and timing of past visits."
36,9,"[10, 1, 9, 623, 614, 22, 620, 77, 628, 728]","The user has a strong pattern of visiting places 10 and 9 frequently, especially on weekends and Mondays. Recent context shows visits to places 1 and 614, indicating a preference for these locations. The user also has a history of visiting place 623, which aligns with their recent activities. The ranking reflects the frequency of past visits and the relevance of recent stays."
36,59,"[10, 9, 1, 623, 614, 22, 620, 628, 77, 1]","The user has a strong pattern of visiting places 10 and 9 frequently, especially on weekends and Mondays. Recent context shows a visit to place 9 early on Monday, suggesting a likelihood of returning to familiar places. Place 1 is also visited regularly, particularly on weekends. The user has shown interest in places 623 and 614 recently, indicating they may be potential next stops. The presence of place 22 in the history and context suggests it could also be a candidate. Overall, the predictions are based on the frequency of visits and recent activity patterns."
36,10,"[10, 9, 1, 623, 22, 614, 620, 628, 613, 77]","The user has a strong pattern of visiting place 10, especially on Sundays and Mondays, as seen in both history and context. Place 9 is frequently visited during early mornings and late nights, while place 1 is a consistent stop on Fridays. The recent context shows a visit to place 10, reinforcing its likelihood. Other places like 623 and 22 have also been visited recently, indicating potential interest."
36,9,"[10, 9, 1, 623, 22, 614, 620, 628, 613, 77]","The user has a strong pattern of visiting places 10 and 9 frequently, especially on Mondays and Tuesdays. Recent context shows continued visits to place 10, indicating a high likelihood of returning there. Additionally, place 1 and 623 have been visited multiple times, suggesting they are also probable next locations. The user has a consistent routine that favors these places, particularly on weekdays."
36,9,"[10, 9, 1, 623, 22, 614, 620, 628, 613, 77]","The user has a strong pattern of visiting places 10 and 9 frequently, especially on Mondays and Tuesdays. Recent context shows a visit to place 10 on Sunday and place 9 on Monday, indicating a likelihood of returning to these places. Place 1 and 623 are also visited regularly, while places 22, 614, 620, and 628 have been visited in the past, suggesting they could be potential next locations. The user has a diverse set of places they frequent, but the top two places (10 and 9) dominate their history."
36,10,"[10, 9, 1, 623, 22, 614, 620, 628, 613, 77]","The user has a strong pattern of visiting places 10 and 9 frequently, especially on Mondays and Tuesdays. Recent context shows a visit to place 10 on Sunday and place 9 on Monday, indicating a preference for these locations. Place 1 is also visited regularly, and places 623 and 22 have been visited recently, suggesting they are likely candidates. The user has shown a tendency to visit places 614 and 620 on Wednesdays, and 628 on Thursdays, which supports their inclusion in the predictions."
36,9,"[10, 9, 1, 623, 22, 614, 620, 628, 613, 77]","The user has a strong pattern of visiting places 10 and 9 frequently, especially on Mondays and Tuesdays. Recent context shows continued visits to places 10 and 9, indicating a high likelihood of returning to these locations. Place 1 is also a frequent stop, and places 623 and 22 have been visited recently, suggesting they may be considered as well. The user has shown varied activity across different times, but the consistent visits to places 10 and 9 dominate the predictions."
36,614,"[10, 9, 1, 623, 22, 614, 628, 77, 620, 613]","The user has a strong pattern of visiting place_id 10, especially on Mondays and Tuesdays, as seen in both history and context. Place_id 9 is frequently visited during early mornings and late nights, indicating a possible routine. Place_id 1 and 623 are also visited regularly, particularly on weekends. The context shows recent visits to place_id 10 and 9, reinforcing their likelihood. Other places like 22, 614, 628, 77, and 620 have been visited but less frequently, making them less probable but still relevant."
36,239,"[10, 9, 1, 623, 614, 22, 620, 628, 77, 613]","The user has a strong pattern of visiting places 10 and 9 frequently, especially on Tuesdays and Wednesdays. Recent context shows visits to places 10 and 9, indicating a likelihood of returning to these locations. Place 1 is also a frequent stop, and places 623 and 614 have been visited recently, suggesting they are potential next stops. The user has shown varied activity across different times, but the consistency in visiting places 10 and 9 makes them the top predictions."
36,1,"[10, 9, 1, 623, 614, 239, 77, 22, 628, 620]","The user has a strong pattern of visiting places 10 and 9 frequently, especially on weekdays. Recent context shows visits to places 10 and 9, indicating a likelihood of returning to these locations. Place 1 is also a frequent stop, and places 623 and 614 have been visited recently, suggesting they are potential next stops. The user has shown interest in place 239 recently, and places 77 and 22 have been visited in the past, making them relevant options as well."
36,9,"[10, 9, 1, 614, 623, 239, 77, 22, 628, 620]","The user has a strong pattern of visiting places 10 and 9 frequently, especially on weekdays. Recent context shows a visit to place 10, indicating a likelihood of returning there. Place 1 and 614 are also visited regularly, and the user has shown interest in place 623 recently. The other places in the prediction list are less frequent but still relevant based on the user's activity patterns."
36,9,"[10, 9, 1, 614, 623, 239, 22, 77, 628, 620]","The user has a strong pattern of visiting places 9 and 10, especially on weekdays, and has recently visited place 9 in the context. Place 10 is also frequently visited on Thursdays. The context shows recent visits to places 614 and 1, which are also common in the user's history. The user tends to visit places 1 and 623 during the day, and place 239 was visited recently, indicating potential interest. Overall, the predictions are based on the frequency of visits and recent activities."
36,22,"[10, 9, 1, 623, 614, 239, 22, 628, 620, 77]","The user has a strong pattern of visiting places 10 and 9 frequently, especially on Thursdays and Fridays. Recent context shows a visit to place 614, which is also a common location for the user. The user tends to visit place 1 and 623 during the day, and place 239 has been visited recently, indicating potential interest. The other places are included based on their historical frequency and recent context relevance."
36,9,"[10, 9, 1, 22, 623, 239, 614, 620, 628, 77]","The user has a strong pattern of visiting places 10 and 9 frequently, especially on Thursdays and Fridays. Recent context shows a visit to place 1 and 22, indicating a potential for revisiting these locations. The user also visited place 623 recently, which suggests it remains relevant. The presence of place 239 in the context indicates a new potential interest, while places 614, 620, and 628 have been visited multiple times, making them likely candidates as well."
36,10,"[10, 9, 1, 22, 623, 614, 620, 628, 77, 604]","The user has a strong pattern of visiting places 10 and 9 frequently, especially on weekdays. Recent context shows visits to place 1 and 22, indicating a likelihood of returning to these locations. The user also visited place 623 recently, which is a common location in their history. The timing of the context visits suggests a preference for morning and early afternoon activities, aligning with the predicted places."
36,10,"[10, 9, 1, 22, 623, 77, 614, 628, 620, 613]","The user has a strong pattern of visiting places 10 and 9 frequently, especially on Fridays and during early mornings. Recent context shows a visit to place 9 and 10, indicating a likelihood of returning to these places. Place 1 and 22 are also visited regularly, while places 623 and 77 have been visited recently, suggesting they could be potential next stops. The user has shown a tendency to visit places 614, 628, and 620 on Wednesdays, which may influence their next location choice."
36,4,"[10, 9, 1, 22, 623, 77, 614, 628, 620, 613]","The user has a strong pattern of visiting places 10 and 9 frequently, especially on Fridays, as seen in both history and context. The recent context shows multiple visits to place 10, indicating a high likelihood of returning there. Place 1 and 22 are also notable due to their previous visits. The user has shown a tendency to visit places 623 and 77, which are also included in the predictions based on recent activity."
36,10,"[10, 9, 1, 22, 623, 4, 77, 614, 620, 628]","The user has a strong pattern of visiting places 10 and 9 frequently, especially on Fridays and weekends. Recent context shows visits to places 22 and 10, indicating a preference for these locations. The user also visited place 4 recently, suggesting it may be a potential next stop. The historical data indicates a tendency to return to familiar places, particularly on specific days of the week."
36,614,"[10, 9, 1, 623, 4, 22, 614, 620, 628, 613]","The user has a strong pattern of visiting places 10 and 9 frequently, especially on Fridays and Sundays. Recent context shows visits to place 10 on Friday and place 9 on Sunday, indicating a preference for these locations. Place 1 and 623 are also visited regularly, while place 4 appears in the recent context, suggesting it could be a potential next stop. The user has shown varied activity across different places, but the consistent visits to places 10 and 9 make them the most likely next destinations."
36,9,"[10, 9, 1, 623, 614, 4, 22, 77, 628, 620]","The user has a strong pattern of visiting place 10 frequently, especially on Sundays and Fridays, as seen in both history and context. Place 9 is also a common destination, particularly during early mornings and late nights. The recent context shows continued visits to places 10 and 614, indicating a preference for these locations. Place 1 is visited on Fridays, and place 623 has been visited recently, suggesting they are also likely candidates. The other places have been visited less frequently but still show potential based on the user's activity patterns."
36,9,"[10, 9, 1, 623, 614, 4, 22, 77, 628, 620]","The user has a strong pattern of visiting place 10, especially on Sundays and Mondays, as seen in both history and context. Place 9 is frequently visited during early mornings and late nights, while place 1 is a consistent choice on Fridays. Recent context shows visits to places 614 and 4, indicating potential interest. Place 623 is also notable due to its recent visit on Sunday. The other places have less frequent but relevant visits, making them plausible options."
36,10,"[10, 9, 1, 623, 614, 4, 22, 77, 628, 620]","The user has a strong pattern of visiting places 10 and 9 frequently, especially on Sundays and Mondays. Recent context shows a visit to place 10 on Sunday morning and a stay at place 9 on Monday morning, indicating a preference for these locations. Place 623 was visited recently in the context, and place 614 was also visited on Sunday, suggesting they are likely candidates. Other places like 1, 4, 22, 77, 628, and 620 have been visited but less frequently, making them less likely but still possible options."
36,9,"[10, 9, 1, 623, 614, 22, 77, 628, 620, 613]","The user has a strong pattern of visiting place 10, especially on Sundays and Mondays, as seen in both history and context. Place 9 is frequently visited during early mornings and late nights, while place 1 is a consistent stop on Fridays. Recent context shows the user visited places 10 and 614, indicating a preference for these locations. The user also has a history of visiting places 623 and 22, which are likely candidates based on their recent activities."
36,10,"[10, 9, 1, 623, 614, 22, 628, 77, 620, 613]","The user has a strong pattern of visiting places 10 and 9 frequently, especially on Mondays and Tuesdays. Recent context shows a visit to place 614 on Sunday, which may indicate a preference for this location. The user also has a history of visiting place 1 and 623, which are popular in their activity pattern. The ranking reflects the frequency of visits and the recent context stays."
36,613,"[10, 9, 1, 623, 22, 614, 620, 628, 77, 613]","The user has a strong pattern of visiting places 9 and 10 frequently, especially on Mondays and Tuesdays. Recent context shows visits to place 10 and 9, indicating a preference for these locations. Place 1 and 623 are also visited regularly, while places 22, 614, and 620 have been visited recently, suggesting they could be potential next stops. The user tends to visit places in the morning and afternoon, aligning with the context stays."
36,4,"[10, 9, 1, 623, 613, 22, 77, 614, 628, 620]","The user has a strong pattern of visiting places 9 and 10, especially on Tuesdays and Wednesdays, as seen in both history and context. Recent stays in context also indicate continued visits to places 10 and 9, suggesting they are likely to return. Place 1 has been visited frequently on Fridays, while 623 and 613 have recent context visits, indicating potential interest. Other places like 22, 77, 614, 628, and 620 have less frequent but notable visits, making them plausible options."
36,155,"[10, 9, 1, 623, 613, 22, 4, 628, 620, 77]","The user has a strong pattern of visiting places 10 and 9 frequently, especially on Tuesdays and Wednesdays. Recent context shows a visit to place 10, reinforcing its likelihood. Place 1 and 623 are also visited regularly, while 613 and 22 have been visited recently, indicating potential interest. Place 4 is noted in the context as well, suggesting it could be a new interest. The user tends to visit places in the morning and afternoon, aligning with the predicted times for these locations."
36,9,"[10, 9, 4, 1, 623, 22, 614, 620, 628, 77]","The user has a strong pattern of visiting places 10 and 9 frequently, especially on Mondays and Tuesdays. The recent context shows a visit to place 4, which may indicate a shift in preference, but the historical data suggests that places 10 and 9 remain the most likely next locations. Additionally, place 623 has been visited recently, which could also influence the next choice."
36,9,"[10, 9, 4, 1, 623, 22, 614, 620, 628, 613]","The user has a strong pattern of visiting places 10 and 9 frequently, especially on Mondays and Tuesdays. The recent context shows a visit to place 4, which may indicate a shift in preference. The user also has a history of visiting places 1 and 623, which are popular in their activity pattern. The other places are included based on their recent context and historical significance."
36,9,"[10, 9, 4, 1, 623, 22, 77, 614, 620, 628]","The user has a strong pattern of visiting places 10 and 9 frequently, especially on Mondays and Tuesdays. Recent context shows a visit to place 4, which may indicate a shift in preference. The user also has a history of visiting places 1 and 623, which are popular in their activity pattern. The context suggests a potential interest in place 4, making it a likely candidate. Overall, the predictions are based on the frequency of visits and recent activities."
36,155,"[10, 9, 1, 623, 4, 22, 614, 620, 628, 613]","The user has a strong pattern of visiting places 9 and 10, especially on Tuesdays and Wednesdays, with multiple visits to these places in the context. The recent context shows a visit to place 9 early on Tuesday, indicating a likelihood of returning to familiar places. Place 10 is also frequently visited on various days, making it a strong candidate. Additionally, place 1 and 623 have been visited recently, suggesting they may also be considered. The user tends to visit places in the morning and afternoon, which aligns with the predicted times for the next visit."
36,4,"[10, 9, 1, 623, 4, 155, 22, 77, 614, 620]","The user has a strong pattern of visiting places 10 and 9 frequently, especially on Tuesdays and Wednesdays. Recent context shows a visit to place 4, which may indicate a shift in preference. Place 1 is also a frequent location, and places 623 and 155 have been visited recently, suggesting they could be likely next stops. The user has shown varied activity across different days, indicating a diverse set of potential next locations."
36,9,"[10, 9, 1, 623, 155, 4, 22, 614, 620, 628]","The user has a strong pattern of visiting places 9 and 10 frequently, especially on weekdays. Recent context shows a visit to place 9 early on Wednesday and place 10 later in the week, indicating a preference for these locations. Place 1 is also a frequent stop, particularly on Fridays. The context includes visits to places 623 and 155, suggesting they may be relevant for future visits. The user has shown a tendency to visit multiple places in a day, which supports the inclusion of various places in the prediction."
36,9,"[10, 9, 1, 623, 155, 4, 22, 620, 628, 613]","The user has a strong pattern of visiting places 9 and 10 frequently, especially on weekdays, and has recently visited place 9 in the context. Place 10 is also a common choice for the user on weekends. The recent context shows a visit to place 4, which may indicate a new interest. Place 1 and 623 are also frequently visited, making them likely candidates. The user has shown a tendency to visit places 620 and 628 on Wednesdays, which supports their inclusion in the prediction."
36,1,"[10, 9, 1, 623, 155, 4, 77, 614, 620, 628]","The user has a strong pattern of visiting places 9 and 10 frequently, especially on weekends and Mondays. Recent context shows a visit to place 9 and a new place 155, indicating potential interest. Place 623 is also noted in both history and context, suggesting it remains relevant. The user tends to visit places early in the morning and late in the afternoon, which aligns with the predicted times for these places."
36,4,"[10, 9, 1, 623, 4, 155, 22, 613, 628, 620]","The user has a strong pattern of visiting places 10 and 9 frequently, especially on weekends and Mondays. Recent context shows a visit to place 155 on Saturday, which may indicate a preference for new or nearby locations. The user also visited place 4 recently, suggesting it could be a potential next stop. The historical data indicates a consistent pattern of returning to places 1 and 623, making them likely candidates as well."
36,861,"[10, 9, 1, 4, 623, 22, 614, 620, 628, 77]","The user has a strong pattern of visiting places 10 and 9 frequently, especially on Tuesdays and Wednesdays. Recent context shows a visit to place 4, which may indicate a potential interest. The user also has a consistent pattern of visiting place 1 on weekends, and place 623 has been visited recently, suggesting it could be a likely next stop. The other places have been visited in the past, indicating they may still be relevant options."
36,4,"[10, 9, 1, 623, 4, 22, 77, 614, 620, 628]","The user has a strong pattern of visiting places 10 and 9 frequently, especially on weekends and Mondays. Recent context shows a visit to place 9 early on Wednesday, indicating a preference for this location. Place 10 is also a common choice, particularly on Sundays and Mondays. The user has visited place 1 multiple times, suggesting it is a regular stop. The context includes a visit to place 4, which may indicate a new interest. Place 623 appears in both history and context, reinforcing its likelihood. Other places like 22, 77, 614, 620, and 628 have been visited but less frequently, making them less likely but still possible options."
36,9,"[10, 9, 1, 4, 623, 22, 77, 614, 620, 628]","The user has a strong pattern of visiting places 10 and 9 frequently, especially on weekends and Mondays. Recent context shows a visit to place 4, which may indicate a shift in preference. Place 1 is also a common location for the user, and places 623 and 22 have been visited recently, suggesting they remain relevant. The user has shown interest in places 77, 614, and 620, which could also be potential next locations."
36,4,"[10, 9, 1, 4, 623, 22, 613, 628, 620, 77]","The user has a strong pattern of visiting places 10 and 9 frequently, especially on weekends and Mondays. Recent context shows a visit to place 1 and 4, indicating potential interest in these locations. Place 623 has also been visited recently, suggesting it remains relevant. The user has shown varied interests, as seen with visits to places 22, 613, 628, 620, and 77, which could also be considered based on their recent activity."
36,9,"[10, 9, 1, 4, 623, 22, 613, 628, 620, 861]","The user has a strong pattern of visiting places 9 and 10 frequently, especially on Mondays and Sundays. Recent context shows a visit to place 4 and 861, indicating potential interest in these locations. The user also has a history of visiting place 1 and 623, which are popular in their activity pattern. The predictions are ranked based on the frequency of visits and recent context relevance."
